timestamp,test_pid,target,k,final_acc,final_f1,final_auc,inner_best_acc,cost,gamma,feature_n,feature_set,features_used
2025-12-19 03:10:54.96836,1,"stress_label",20,0.75,0.666666666666667,0.5,0.563953488372093,64,0.0625,20,"top20","eda_med_precond;hr_sd_precond;hr_med_precond;eeg_tleft_lbeta_power_precond;eeg_faa_precond;hrv_rmssd_precond;pupil_full_pupil_asymmetry_precond;eeg_tleft_lalpha_power_precond;pupil_full_pupil_mean_precond;eda_pkrate_precond;eeg_tright_halpha_power_precond;eeg_fl_theta_power_precond;pupil_full_pupil_sd_precond;eda_peakarea_precond;eda_sd_precond;eeg_fl_hbeta_power_precond;eeg_ab_ratio_precond;eeg_tb_ratio_precond;eeg_fl_specent_precond;eeg_ta_ratio_precond"
2025-12-19 03:12:03.747764,1,"stress_label",10,1,1,1,0.540697674418605,64,0.0078125,10,"top10","eda_med_precond;hr_sd_precond;hr_med_precond;eeg_tleft_lbeta_power_precond;eeg_faa_precond;hrv_rmssd_precond;pupil_full_pupil_asymmetry_precond;eeg_tleft_lalpha_power_precond;pupil_full_pupil_mean_precond;eda_pkrate_precond"
2025-12-19 03:12:55.760561,1,"stress_label",5,0.25,0.4,0.25,0.674418604651163,8,0.125,5,"top5","eda_med_precond;hr_sd_precond;hr_med_precond;eeg_tleft_lbeta_power_precond;eeg_faa_precond"
2025-12-19 03:14:04.63888,3,"stress_label",20,1,1,1,0.546511627906977,128,0.0625,20,"top20","hr_sd_precond;eeg_fm_lbeta_power_precond;hr_med_precond;eda_med_precond;hrv_rmssd_precond;eeg_fm_specent_precond;eda_pkrate_precond;eeg_faa_precond;eda_peakarea_precond;pupil_full_pupil_asymmetry_precond;pupil_full_pupil_mean_precond;eeg_tleft_lalpha_power_precond;eeg_tright_halpha_power_precond;eeg_fl_theta_power_precond;eda_sd_precond;eeg_tb_ratio_precond;eeg_ta_ratio_precond;pupil_full_pupil_sd_precond;eeg_ab_ratio_precond;eeg_fl_hbeta_power_precond"
2025-12-19 03:15:07.780441,3,"stress_label",10,0,0,0,0.558139534883721,4,0.0078125,10,"top10","hr_sd_precond;eeg_fm_lbeta_power_precond;hr_med_precond;eda_med_precond;hrv_rmssd_precond;eeg_fm_specent_precond;eda_pkrate_precond;eeg_faa_precond;eda_peakarea_precond;pupil_full_pupil_asymmetry_precond"
2025-12-19 03:16:04.340349,3,"stress_label",5,0.25,0,0.25,0.575581395348837,4,0.015625,5,"top5","hr_sd_precond;eeg_fm_lbeta_power_precond;hr_med_precond;eda_med_precond;hrv_rmssd_precond"
2025-12-19 03:17:20.586229,4,"stress_label",20,0,0,0,0.529069767441861,16,0.0078125,20,"top20","hr_sd_precond;hr_med_precond;eda_med_precond;hrv_rmssd_precond;eeg_fm_specent_precond;eeg_faa_precond;eda_pkrate_precond;pupil_full_pupil_asymmetry_precond;pupil_full_pupil_mean_precond;eda_peakarea_precond;eeg_tleft_lalpha_power_precond;eeg_tright_halpha_power_precond;eeg_fl_theta_power_precond;pupil_full_pupil_sd_precond;eeg_fl_specent_precond;eeg_ab_ratio_precond;eda_sd_precond;eeg_ta_ratio_precond;eeg_fl_hbeta_power_precond;eeg_tright_lbeta_power_precond"
2025-12-19 03:18:23.282727,4,"stress_label",10,0,0,0,0.587209302325581,32,0.03125,10,"top10","hr_sd_precond;hr_med_precond;eda_med_precond;hrv_rmssd_precond;eeg_fm_specent_precond;eeg_faa_precond;eda_pkrate_precond;pupil_full_pupil_asymmetry_precond;pupil_full_pupil_mean_precond;eda_peakarea_precond"
2025-12-19 03:19:19.93821,4,"stress_label",5,0.5,0.5,0.25,0.581395348837209,16,0.0078125,5,"top5","hr_sd_precond;hr_med_precond;eda_med_precond;hrv_rmssd_precond;eeg_fm_specent_precond"
2025-12-19 03:20:34.344043,5,"stress_label",20,0.5,0.5,0.5,0.511627906976744,16,0.0078125,20,"top20","hr_med_precond;hr_sd_precond;eda_med_precond;eeg_fm_lbeta_power_precond;eeg_fm_specent_precond;pupil_full_pupil_asymmetry_precond;hrv_rmssd_precond;eda_pkrate_precond;pupil_full_pupil_mean_precond;eeg_fr_theta_power_precond;eda_peakarea_precond;eeg_faa_precond;eeg_ta_ratio_precond;eeg_tright_halpha_power_precond;eeg_tright_lbeta_power_precond;eeg_fl_specent_precond;pupil_full_pupil_sd_precond;eeg_tb_ratio_precond;eda_sd_precond;eeg_tright_lalpha_power_precond"
2025-12-19 03:21:37.185321,5,"stress_label",10,0.5,0.5,0.25,0.593023255813954,8,0.0078125,10,"top10","hr_med_precond;hr_sd_precond;eda_med_precond;eeg_fm_lbeta_power_precond;eeg_fm_specent_precond;pupil_full_pupil_asymmetry_precond;hrv_rmssd_precond;eda_pkrate_precond;pupil_full_pupil_mean_precond;eeg_fr_theta_power_precond"
2025-12-19 03:22:33.299875,5,"stress_label",5,1,1,1,0.598837209302326,4,0.0078125,5,"top5","hr_med_precond;hr_sd_precond;eda_med_precond;eeg_fm_lbeta_power_precond;eeg_fm_specent_precond"
2025-12-19 03:23:48.767472,6,"stress_label",20,0.25,0.4,0.5,0.575581395348837,8,0.125,20,"top20","hr_sd_precond;hr_med_precond;eda_med_precond;eeg_fm_specent_precond;hrv_rmssd_precond;pupil_full_pupil_asymmetry_precond;eda_pkrate_precond;eeg_faa_precond;pupil_full_pupil_mean_precond;eda_peakarea_precond;eeg_fl_theta_power_precond;eeg_tright_halpha_power_precond;pupil_full_pupil_sd_precond;eeg_tleft_lalpha_power_precond;eda_sd_precond;eeg_fl_specent_precond;eeg_tb_ratio_precond;eeg_fl_hbeta_power_precond;eeg_ta_ratio_precond;eeg_ab_ratio_precond"
2025-12-19 03:24:49.933353,6,"stress_label",10,0.25,0.4,0.25,0.575581395348837,64,0.015625,10,"top10","hr_sd_precond;hr_med_precond;eda_med_precond;eeg_fm_specent_precond;hrv_rmssd_precond;pupil_full_pupil_asymmetry_precond;eda_pkrate_precond;eeg_faa_precond;pupil_full_pupil_mean_precond;eda_peakarea_precond"
2025-12-19 03:25:46.858159,6,"stress_label",5,0.25,0.4,0.5,0.622093023255814,16,0.0078125,5,"top5","hr_sd_precond;hr_med_precond;eda_med_precond;eeg_fm_specent_precond;hrv_rmssd_precond"
2025-12-19 03:27:02.694739,7,"stress_label",20,0.75,0.8,0.75,0.534883720930233,64,0.125,20,"top20","hr_sd_precond;hr_med_precond;eda_med_precond;eeg_fm_specent_precond;hrv_rmssd_precond;eda_pkrate_precond;eda_peakarea_precond;pupil_full_pupil_asymmetry_precond;pupil_full_pupil_mean_precond;eeg_faa_precond;eeg_tleft_lalpha_power_precond;eeg_ta_ratio_precond;eeg_tb_ratio_precond;pupil_full_pupil_sd_precond;eda_sd_precond;eeg_fl_theta_power_precond;eeg_tright_halpha_power_precond;eeg_fl_specent_precond;eeg_ab_ratio_precond;eeg_tright_lbeta_power_precond"
2025-12-19 03:28:05.736845,7,"stress_label",10,0.75,0.8,0.75,0.569767441860465,64,0.0078125,10,"top10","hr_sd_precond;hr_med_precond;eda_med_precond;eeg_fm_specent_precond;hrv_rmssd_precond;eda_pkrate_precond;eda_peakarea_precond;pupil_full_pupil_asymmetry_precond;pupil_full_pupil_mean_precond;eeg_faa_precond"
2025-12-19 03:29:01.920008,7,"stress_label",5,0.5,0.5,0.5,0.558139534883721,8,0.0078125,5,"top5","hr_sd_precond;hr_med_precond;eda_med_precond;eeg_fm_specent_precond;hrv_rmssd_precond"
2025-12-19 03:30:18.482254,9,"stress_label",20,0.5,0.5,0.75,0.529069767441861,8,0.06,20,"top20","hr_sd_precond;hr_med_precond;eda_med_precond;eeg_fm_specent_precond;hrv_rmssd_precond;eda_pkrate_precond;eeg_faa_precond;eeg_tleft_lalpha_power_precond;pupil_full_pupil_asymmetry_precond;eeg_fl_theta_power_precond;eda_peakarea_precond;pupil_full_pupil_mean_precond;eeg_tright_halpha_power_precond;pupil_full_pupil_sd_precond;eda_sd_precond;eeg_ta_ratio_precond;eeg_ab_ratio_precond;eeg_fl_hbeta_power_precond;eeg_fl_specent_precond;eeg_tright_lbeta_power_precond"
2025-12-19 03:31:21.63206,9,"stress_label",10,0.5,0.5,0.5,0.627906976744186,32,0.0078125,10,"top10","hr_sd_precond;hr_med_precond;eda_med_precond;eeg_fm_specent_precond;hrv_rmssd_precond;eda_pkrate_precond;eeg_faa_precond;eeg_tleft_lalpha_power_precond;pupil_full_pupil_asymmetry_precond;eeg_fl_theta_power_precond"
2025-12-19 03:32:19.716114,9,"stress_label",5,0.5,0.5,0.5,0.604651162790698,32,0.0078125,5,"top5","hr_sd_precond;hr_med_precond;eda_med_precond;eeg_fm_specent_precond;hrv_rmssd_precond"
2025-12-19 03:33:35.724757,10,"stress_label",20,0.75,0.8,1,0.581395348837209,256,0.0625,20,"top20","hr_sd_precond;hr_med_precond;eda_med_precond;eeg_fm_lbeta_power_precond;eeg_fm_specent_precond;hrv_rmssd_precond;eeg_faa_precond;pupil_full_pupil_mean_precond;eda_pkrate_precond;pupil_full_pupil_asymmetry_precond;eda_peakarea_precond;eeg_fl_theta_power_precond;eeg_tright_halpha_power_precond;eeg_tleft_lalpha_power_precond;pupil_full_pupil_sd_precond;eeg_ab_ratio_precond;eeg_fl_specent_precond;eeg_tb_ratio_precond;eeg_fl_hbeta_power_precond;eda_sd_precond"
2025-12-19 03:34:40.278377,10,"stress_label",10,0.25,0,0.25,0.563953488372093,4,0.015625,10,"top10","hr_sd_precond;hr_med_precond;eda_med_precond;eeg_fm_lbeta_power_precond;eeg_fm_specent_precond;hrv_rmssd_precond;eeg_faa_precond;pupil_full_pupil_mean_precond;eda_pkrate_precond;pupil_full_pupil_asymmetry_precond"
2025-12-19 03:35:37.31417,10,"stress_label",5,0.75,0.666666666666667,0.75,0.616279069767442,2,0.015625,5,"top5","hr_sd_precond;hr_med_precond;eda_med_precond;eeg_fm_lbeta_power_precond;eeg_fm_specent_precond"
2025-12-19 03:36:53.983268,11,"stress_label",20,0.5,0.5,0.25,0.465116279069767,32,0.03,20,"top20","hr_sd_precond;hr_med_precond;eda_med_precond;eeg_fm_specent_precond;hrv_rmssd_precond;eda_pkrate_precond;eeg_faa_precond;pupil_full_pupil_mean_precond;eda_peakarea_precond;pupil_full_pupil_asymmetry_precond;pupil_full_pupil_sd_precond;eeg_tright_halpha_power_precond;eeg_fl_theta_power_precond;eeg_tright_lalpha_power_precond;eeg_ta_ratio_precond;eda_sd_precond;eeg_ab_ratio_precond;eeg_fl_hbeta_power_precond;eeg_tright_lbeta_power_precond;eeg_fl_specent_precond"
2025-12-19 03:37:56.97853,11,"stress_label",10,0.5,0.5,0.25,0.575581395348837,256,0.0078125,10,"top10","hr_sd_precond;hr_med_precond;eda_med_precond;eeg_fm_specent_precond;hrv_rmssd_precond;eda_pkrate_precond;eeg_faa_precond;pupil_full_pupil_mean_precond;eda_peakarea_precond;pupil_full_pupil_asymmetry_precond"
2025-12-19 03:38:54.410151,11,"stress_label",5,1,1,1,0.593023255813954,2,0.03125,5,"top5","hr_sd_precond;hr_med_precond;eda_med_precond;eeg_fm_specent_precond;hrv_rmssd_precond"
2025-12-19 03:40:10.871222,12,"stress_label",20,0.75,0.8,0.5,0.61046511627907,64,0.0078125,20,"top20","hr_med_precond;hr_sd_precond;eeg_fm_lbeta_power_precond;eda_med_precond;eeg_fm_specent_precond;hrv_rmssd_precond;eda_pkrate_precond;eda_peakarea_precond;eeg_faa_precond;pupil_full_pupil_asymmetry_precond;pupil_full_pupil_mean_precond;eeg_tleft_lalpha_power_precond;eeg_fl_theta_power_precond;eeg_tright_halpha_power_precond;pupil_full_pupil_sd_precond;eeg_ab_ratio_precond;eeg_tb_ratio_precond;eda_sd_precond;eeg_fl_hbeta_power_precond;eeg_tright_lbeta_power_precond"
2025-12-19 03:41:14.019108,12,"stress_label",10,0.5,0.5,0.5,0.581395348837209,4,0.0078125,10,"top10","hr_med_precond;hr_sd_precond;eeg_fm_lbeta_power_precond;eda_med_precond;eeg_fm_specent_precond;hrv_rmssd_precond;eda_pkrate_precond;eda_peakarea_precond;eeg_faa_precond;pupil_full_pupil_asymmetry_precond"
2025-12-19 03:42:09.945816,12,"stress_label",5,1,1,1,0.61046511627907,2,0.015625,5,"top5","hr_med_precond;hr_sd_precond;eeg_fm_lbeta_power_precond;eda_med_precond;eeg_fm_specent_precond"
2025-12-19 03:43:25.889446,13,"stress_label",20,0.25,0.4,0.5,0.534883720930233,32,0.0625,20,"top20","hr_med_precond;hr_sd_precond;eda_med_precond;eeg_fm_specent_precond;hrv_rmssd_precond;eeg_faa_precond;eda_peakarea_precond;eda_pkrate_precond;pupil_full_pupil_asymmetry_precond;eeg_tright_halpha_power_precond;eeg_tleft_lalpha_power_precond;pupil_full_pupil_mean_precond;pupil_full_pupil_sd_precond;eeg_fl_theta_power_precond;eeg_fl_specent_precond;eeg_fl_hbeta_power_precond;eeg_tright_lbeta_power_precond;eda_sd_precond;eeg_ta_ratio_precond;eeg_ab_ratio_precond"
2025-12-19 03:44:30.240374,13,"stress_label",10,0.5,0.5,0.25,0.61046511627907,2,0.125,10,"top10","hr_med_precond;hr_sd_precond;eda_med_precond;eeg_fm_specent_precond;hrv_rmssd_precond;eeg_faa_precond;eda_peakarea_precond;eda_pkrate_precond;pupil_full_pupil_asymmetry_precond;eeg_tright_halpha_power_precond"
2025-12-19 03:45:27.183454,13,"stress_label",5,0.5,0.5,0.75,0.581395348837209,8,0.0078125,5,"top5","hr_med_precond;hr_sd_precond;eda_med_precond;eeg_fm_specent_precond;hrv_rmssd_precond"
2025-12-19 03:46:44.151369,15,"stress_label",20,0.75,0.666666666666667,0.5,0.569767441860465,32,0.0078125,20,"top20","hr_sd_precond;eda_med_precond;hr_med_precond;eeg_fm_lbeta_power_precond;eeg_fm_specent_precond;hrv_rmssd_precond;pupil_full_pupil_asymmetry_precond;eeg_faa_precond;eeg_tleft_lbeta_power_precond;eda_pkrate_precond;eeg_fl_theta_power_precond;eeg_tleft_lalpha_power_precond;eda_peakarea_precond;pupil_full_pupil_mean_precond;eeg_tright_halpha_power_precond;pupil_full_pupil_sd_precond;eda_sd_precond;eeg_tb_ratio_precond;eeg_ta_ratio_precond;eeg_fl_hbeta_power_precond"
2025-12-19 03:47:45.189916,15,"stress_label",10,0.25,0,0.25,0.558139534883721,2,0.0078125,10,"top10","hr_sd_precond;eda_med_precond;hr_med_precond;eeg_fm_lbeta_power_precond;eeg_fm_specent_precond;hrv_rmssd_precond;pupil_full_pupil_asymmetry_precond;eeg_faa_precond;eeg_tleft_lbeta_power_precond;eda_pkrate_precond"
2025-12-19 03:48:42.877587,15,"stress_label",5,0.25,0,0.25,0.616279069767442,4,0.0078125,5,"top5","hr_sd_precond;eda_med_precond;hr_med_precond;eeg_fm_lbeta_power_precond;eeg_fm_specent_precond"
2025-12-19 03:49:58.556746,16,"stress_label",20,0.5,0.5,0.5,0.552325581395349,32,0.0078125,20,"top20","hr_sd_precond;hr_med_precond;eda_med_precond;eeg_fm_specent_precond;hrv_rmssd_precond;eeg_faa_precond;pupil_full_pupil_mean_precond;eda_peakarea_precond;eda_pkrate_precond;pupil_full_pupil_asymmetry_precond;eeg_fl_theta_power_precond;pupil_full_pupil_sd_precond;eeg_tright_lbeta_power_precond;eeg_ab_ratio_precond;eeg_fl_specent_precond;eda_sd_precond;eeg_tright_halpha_power_precond;eeg_tb_ratio_precond;eeg_fl_hbeta_power_precond;eeg_tright_lalpha_power_precond"
2025-12-19 03:51:02.849276,16,"stress_label",10,0.75,0.666666666666667,0.75,0.563953488372093,16,0.1,10,"top10","hr_sd_precond;hr_med_precond;eda_med_precond;eeg_fm_specent_precond;hrv_rmssd_precond;eeg_faa_precond;pupil_full_pupil_mean_precond;eda_peakarea_precond;eda_pkrate_precond;pupil_full_pupil_asymmetry_precond"
2025-12-19 03:52:00.174881,16,"stress_label",5,0.75,0.8,0.5,0.581395348837209,4,0.015625,5,"top5","hr_sd_precond;hr_med_precond;eda_med_precond;eeg_fm_specent_precond;hrv_rmssd_precond"
2025-12-19 03:53:14.399106,17,"stress_label",20,0.5,0.5,0.25,0.575581395348837,16,0.0078125,20,"top20","hr_sd_precond;hr_med_precond;eda_med_precond;eeg_fm_lbeta_power_precond;hrv_rmssd_precond;pupil_full_pupil_asymmetry_precond;eeg_fm_specent_precond;eeg_faa_precond;eeg_tleft_lbeta_power_precond;eeg_fl_theta_power_precond;eda_pkrate_precond;pupil_full_pupil_mean_precond;eda_peakarea_precond;pupil_full_pupil_sd_precond;eeg_ab_ratio_precond;eeg_fl_hbeta_power_precond;eeg_tleft_lalpha_power_precond;eeg_tright_halpha_power_precond;eeg_tb_ratio_precond;eeg_ta_ratio_precond"
2025-12-19 03:54:18.175368,17,"stress_label",10,0.25,0.4,0,0.587209302325581,2,0.0078125,10,"top10","hr_sd_precond;hr_med_precond;eda_med_precond;eeg_fm_lbeta_power_precond;hrv_rmssd_precond;pupil_full_pupil_asymmetry_precond;eeg_fm_specent_precond;eeg_faa_precond;eeg_tleft_lbeta_power_precond;eeg_fl_theta_power_precond"
2025-12-19 03:55:15.042835,17,"stress_label",5,0,0,0,0.534883720930233,2,0.0625,5,"top5","hr_sd_precond;hr_med_precond;eda_med_precond;eeg_fm_lbeta_power_precond;hrv_rmssd_precond"
2025-12-19 03:56:31.151885,18,"stress_label",20,0.25,0.4,0.25,0.563953488372093,32,0.03125,20,"top20","hr_sd_precond;eda_med_precond;hr_med_precond;eeg_fm_lbeta_power_precond;eeg_fm_specent_precond;hrv_rmssd_precond;pupil_full_pupil_asymmetry_precond;eeg_faa_precond;eda_pkrate_precond;pupil_full_pupil_mean_precond;eda_peakarea_precond;pupil_full_pupil_sd_precond;eeg_tright_lbeta_power_precond;eeg_fl_theta_power_precond;eeg_tleft_lalpha_power_precond;eda_sd_precond;eeg_ta_ratio_precond;eeg_tright_halpha_power_precond;eeg_fl_specent_precond;eeg_fl_hbeta_power_precond"
2025-12-19 03:57:35.548743,18,"stress_label",10,0.5,0.5,0.5,0.581395348837209,16,0.0078125,10,"top10","hr_sd_precond;eda_med_precond;hr_med_precond;eeg_fm_lbeta_power_precond;eeg_fm_specent_precond;hrv_rmssd_precond;pupil_full_pupil_asymmetry_precond;eeg_faa_precond;eda_pkrate_precond;pupil_full_pupil_mean_precond"
2025-12-19 03:58:32.654401,18,"stress_label",5,0.5,0.5,0.5,0.616279069767442,4,0.0078125,5,"top5","hr_sd_precond;eda_med_precond;hr_med_precond;eeg_fm_lbeta_power_precond;eeg_fm_specent_precond"
2025-12-19 03:59:48.771986,19,"stress_label",20,0.25,0.4,0.25,0.575581395348837,128,0.015625,20,"top20","hr_sd_precond;hr_med_precond;eda_med_precond;eeg_fm_specent_precond;hrv_rmssd_precond;pupil_full_pupil_asymmetry_precond;pupil_full_pupil_mean_precond;eda_pkrate_precond;eda_peakarea_precond;eeg_faa_precond;eeg_tright_halpha_power_precond;eeg_tleft_lalpha_power_precond;eeg_fl_theta_power_precond;eda_sd_precond;eeg_tb_ratio_precond;eeg_ta_ratio_precond;pupil_full_pupil_sd_precond;eeg_fl_hbeta_power_precond;eeg_tright_lbeta_power_precond;eeg_fl_specent_precond"
2025-12-19 04:00:53.276543,19,"stress_label",10,0,0,0,0.604651162790698,16,0.015625,10,"top10","hr_sd_precond;hr_med_precond;eda_med_precond;eeg_fm_specent_precond;hrv_rmssd_precond;pupil_full_pupil_asymmetry_precond;pupil_full_pupil_mean_precond;eda_pkrate_precond;eda_peakarea_precond;eeg_faa_precond"
2025-12-19 04:01:50.085709,19,"stress_label",5,0.25,0.4,0,0.598837209302326,8,0.0078125,5,"top5","hr_sd_precond;hr_med_precond;eda_med_precond;eeg_fm_specent_precond;hrv_rmssd_precond"
2025-12-19 04:03:06.734815,20,"stress_label",20,0.25,0,0.25,0.552325581395349,16,0.03125,20,"top20","hr_med_precond;eda_med_precond;hr_sd_precond;eeg_fm_specent_precond;hrv_rmssd_precond;pupil_full_pupil_asymmetry_precond;eeg_faa_precond;eda_pkrate_precond;eeg_fl_theta_power_precond;pupil_full_pupil_mean_precond;pupil_full_pupil_sd_precond;eeg_tleft_lalpha_power_precond;eda_peakarea_precond;eeg_tright_lbeta_power_precond;eeg_tright_halpha_power_precond;eeg_fl_hbeta_power_precond;eeg_tb_ratio_precond;eeg_ab_ratio_precond;eeg_fl_specent_precond;eda_sd_precond"
2025-12-19 04:04:12.983379,20,"stress_label",10,0.25,0,0.25,0.593023255813954,64,0.0078125,10,"top10","hr_med_precond;eda_med_precond;hr_sd_precond;eeg_fm_specent_precond;hrv_rmssd_precond;pupil_full_pupil_asymmetry_precond;eeg_faa_precond;eda_pkrate_precond;eeg_fl_theta_power_precond;pupil_full_pupil_mean_precond"
2025-12-19 04:05:10.38379,20,"stress_label",5,0.5,0.5,0.25,0.604651162790698,8,0.0078125,5,"top5","hr_med_precond;eda_med_precond;hr_sd_precond;eeg_fm_specent_precond;hrv_rmssd_precond"
2025-12-19 04:06:22.979868,21,"stress_label",20,0.75,0.8,1,0.581395348837209,16,0.06,20,"top20","hr_sd_precond;hr_med_precond;eda_med_precond;eeg_fm_lbeta_power_precond;pupil_full_pupil_asymmetry_precond;hrv_rmssd_precond;eeg_fm_specent_precond;eda_pkrate_precond;eeg_fl_theta_power_precond;eeg_faa_precond;eda_peakarea_precond;pupil_full_pupil_sd_precond;pupil_full_pupil_mean_precond;eeg_tright_lbeta_power_precond;eeg_fl_specent_precond;eeg_ab_ratio_precond;eeg_tleft_lalpha_power_precond;eeg_tb_ratio_precond;eeg_ta_ratio_precond;eeg_fl_hbeta_power_precond"
2025-12-19 04:07:24.125233,21,"stress_label",10,0.5,0.5,0.75,0.569767441860465,8,0.0078125,10,"top10","hr_sd_precond;hr_med_precond;eda_med_precond;eeg_fm_lbeta_power_precond;pupil_full_pupil_asymmetry_precond;hrv_rmssd_precond;eeg_fm_specent_precond;eda_pkrate_precond;eeg_fl_theta_power_precond;eeg_faa_precond"
2025-12-19 04:08:19.324989,21,"stress_label",5,0.75,0.666666666666667,0.25,0.412790697674419,64,0.125,5,"top5","hr_sd_precond;hr_med_precond;eda_med_precond;eeg_fm_lbeta_power_precond;pupil_full_pupil_asymmetry_precond"
2025-12-19 04:09:31.2666,22,"stress_label",20,0.25,0.4,0.25,0.552325581395349,4,0.125,20,"top20","hr_sd_precond;hr_med_precond;eda_med_precond;hrv_rmssd_precond;eeg_fm_specent_precond;eeg_faa_precond;pupil_full_pupil_asymmetry_precond;eda_pkrate_precond;eeg_fl_theta_power_precond;pupil_full_pupil_mean_precond;eda_peakarea_precond;pupil_full_pupil_sd_precond;eeg_ta_ratio_precond;eeg_tleft_lalpha_power_precond;eeg_tright_lbeta_power_precond;eda_sd_precond;eeg_tright_halpha_power_precond;eeg_ab_ratio_precond;eeg_fl_hbeta_power_precond;eeg_tb_ratio_precond"
2025-12-19 04:10:31.136553,22,"stress_label",10,0.25,0.4,0,0.604651162790698,32,0.0078125,10,"top10","hr_sd_precond;hr_med_precond;eda_med_precond;hrv_rmssd_precond;eeg_fm_specent_precond;eeg_faa_precond;pupil_full_pupil_asymmetry_precond;eda_pkrate_precond;eeg_fl_theta_power_precond;pupil_full_pupil_mean_precond"
2025-12-19 04:11:25.42588,22,"stress_label",5,0,0,0,0.616279069767442,32,0.0078125,5,"top5","hr_sd_precond;hr_med_precond;eda_med_precond;hrv_rmssd_precond;eeg_fm_specent_precond"
2025-12-19 04:12:38.377639,23,"stress_label",20,0,0,0,0.558139534883721,8,0.015625,20,"top20","hr_sd_precond;hr_med_precond;eda_med_precond;hrv_rmssd_precond;eeg_fm_specent_precond;eeg_faa_precond;eda_pkrate_precond;eeg_fl_theta_power_precond;pupil_full_pupil_asymmetry_precond;pupil_full_pupil_mean_precond;eda_peakarea_precond;eeg_tright_halpha_power_precond;eeg_tright_lbeta_power_precond;pupil_full_pupil_sd_precond;eeg_fl_specent_precond;eeg_tleft_lalpha_power_precond;eeg_tb_ratio_precond;eeg_fl_hbeta_power_precond;eeg_ta_ratio_precond;eeg_ab_ratio_precond"
2025-12-19 04:13:38.396968,23,"stress_label",10,0.25,0.4,0.25,0.581395348837209,16,0.015625,10,"top10","hr_sd_precond;hr_med_precond;eda_med_precond;hrv_rmssd_precond;eeg_fm_specent_precond;eeg_faa_precond;eda_pkrate_precond;eeg_fl_theta_power_precond;pupil_full_pupil_asymmetry_precond;pupil_full_pupil_mean_precond"
2025-12-19 04:14:33.533489,23,"stress_label",5,0.5,0.5,0.75,0.598837209302326,16,0.0078125,5,"top5","hr_sd_precond;hr_med_precond;eda_med_precond;hrv_rmssd_precond;eeg_fm_specent_precond"
2025-12-19 04:15:46.724634,24,"stress_label",20,0.25,0,0.5,0.505813953488372,64,0.125,20,"top20","hr_sd_precond;hr_med_precond;eda_med_precond;eeg_fm_specent_precond;hrv_rmssd_precond;pupil_full_pupil_asymmetry_precond;pupil_full_pupil_mean_precond;eeg_faa_precond;eda_pkrate_precond;eda_peakarea_precond;pupil_full_pupil_sd_precond;eeg_fl_theta_power_precond;eda_sd_precond;eeg_tleft_halpha_power_precond;eeg_tright_lbeta_power_precond;eeg_fl_specent_precond;eeg_tb_ratio_precond;eeg_fl_hbeta_power_precond;eeg_ta_ratio_precond;eeg_ab_ratio_precond"
2025-12-19 04:16:47.007954,24,"stress_label",10,0.75,0.666666666666667,1,0.558139534883721,64,0.0078125,10,"top10","hr_sd_precond;hr_med_precond;eda_med_precond;eeg_fm_specent_precond;hrv_rmssd_precond;pupil_full_pupil_asymmetry_precond;pupil_full_pupil_mean_precond;eeg_faa_precond;eda_pkrate_precond;eda_peakarea_precond"
2025-12-19 04:17:42.081133,24,"stress_label",5,0.75,0.8,0.5,0.598837209302326,4,0.015625,5,"top5","hr_sd_precond;hr_med_precond;eda_med_precond;eeg_fm_specent_precond;hrv_rmssd_precond"
2025-12-19 04:18:53.897977,25,"stress_label",20,0.25,0,0.5,0.534883720930233,256,0.03,20,"top20","hr_sd_precond;hr_med_precond;eda_med_precond;eeg_fm_specent_precond;hrv_rmssd_precond;pupil_full_pupil_mean_precond;pupil_full_pupil_asymmetry_precond;eeg_faa_precond;eda_pkrate_precond;pupil_full_pupil_sd_precond;eeg_tleft_lalpha_power_precond;eeg_ta_ratio_precond;eda_peakarea_precond;eeg_fl_theta_power_precond;eeg_tright_lbeta_power_precond;eeg_tb_ratio_precond;eeg_fl_specent_precond;eeg_fl_hbeta_power_precond;eeg_tright_halpha_power_precond;eda_sd_precond"
2025-12-19 04:19:55.105845,25,"stress_label",10,0.75,0.666666666666667,0.75,0.552325581395349,32,0.0078125,10,"top10","hr_sd_precond;hr_med_precond;eda_med_precond;eeg_fm_specent_precond;hrv_rmssd_precond;pupil_full_pupil_mean_precond;pupil_full_pupil_asymmetry_precond;eeg_faa_precond;eda_pkrate_precond;pupil_full_pupil_sd_precond"
2025-12-19 04:20:50.209111,25,"stress_label",5,1,1,1,0.581395348837209,4,0.015625,5,"top5","hr_sd_precond;hr_med_precond;eda_med_precond;eeg_fm_specent_precond;hrv_rmssd_precond"
2025-12-19 04:22:03.756043,26,"stress_label",20,0.75,0.666666666666667,0.5,0.540697674418605,32,0.0078125,20,"top20","hr_sd_precond;hr_med_precond;eda_med_precond;eeg_fm_specent_precond;hrv_rmssd_precond;pupil_full_pupil_asymmetry_precond;eda_pkrate_precond;eda_peakarea_precond;pupil_full_pupil_mean_precond;eeg_faa_precond;pupil_full_pupil_sd_precond;eeg_tleft_lalpha_power_precond;eeg_tright_halpha_power_precond;eeg_tright_lbeta_power_precond;eeg_fl_theta_power_precond;eeg_fl_specent_precond;eeg_tb_ratio_precond;eeg_ta_ratio_precond;eda_sd_precond;eeg_fl_hbeta_power_precond"
2025-12-19 04:23:04.267325,26,"stress_label",10,0.5,0.5,0.5,0.581395348837209,16,0.015625,10,"top10","hr_sd_precond;hr_med_precond;eda_med_precond;eeg_fm_specent_precond;hrv_rmssd_precond;pupil_full_pupil_asymmetry_precond;eda_pkrate_precond;eda_peakarea_precond;pupil_full_pupil_mean_precond;eeg_faa_precond"
2025-12-19 04:24:00.008726,26,"stress_label",5,0.75,0.666666666666667,1,0.598837209302326,16,0.0078125,5,"top5","hr_sd_precond;hr_med_precond;eda_med_precond;eeg_fm_specent_precond;hrv_rmssd_precond"
2025-12-19 04:25:13.62483,27,"stress_label",20,0.75,0.666666666666667,1,0.552325581395349,32,0.0625,20,"top20","hr_sd_precond;hr_med_precond;eda_med_precond;eeg_fm_specent_precond;hrv_rmssd_precond;pupil_full_pupil_asymmetry_precond;eda_peakarea_precond;pupil_full_pupil_mean_precond;eda_pkrate_precond;eeg_faa_precond;eeg_tleft_lalpha_power_precond;eeg_tright_halpha_power_precond;pupil_full_pupil_sd_precond;eeg_fl_theta_power_precond;eeg_ta_ratio_precond;eeg_tb_ratio_precond;eeg_ab_ratio_precond;eda_sd_precond;eeg_fl_hbeta_power_precond;eeg_fl_specent_precond"
2025-12-19 04:26:12.86939,27,"stress_label",10,0.5,0.5,0.75,0.569767441860465,16,0.015625,10,"top10","hr_sd_precond;hr_med_precond;eda_med_precond;eeg_fm_specent_precond;hrv_rmssd_precond;pupil_full_pupil_asymmetry_precond;eda_peakarea_precond;pupil_full_pupil_mean_precond;eda_pkrate_precond;eeg_faa_precond"
2025-12-19 04:27:07.595656,27,"stress_label",5,0.5,0.5,0.75,0.593023255813954,16,0.0078125,5,"top5","hr_sd_precond;hr_med_precond;eda_med_precond;eeg_fm_specent_precond;hrv_rmssd_precond"
2025-12-19 04:28:20.54983,28,"stress_label",20,0.25,0,0,0.593023255813954,16,0.06,20,"top20","hr_sd_precond;hr_med_precond;eda_med_precond;eeg_fm_specent_precond;hrv_rmssd_precond;eeg_faa_precond;pupil_full_pupil_asymmetry_precond;eda_pkrate_precond;pupil_full_pupil_mean_precond;eda_peakarea_precond;eeg_tleft_lalpha_power_precond;pupil_full_pupil_sd_precond;eeg_tright_halpha_power_precond;eeg_ta_ratio_precond;eeg_fl_theta_power_precond;eeg_tb_ratio_precond;eeg_ab_ratio_precond;eeg_tright_lbeta_power_precond;eeg_fl_hbeta_power_precond;eeg_fl_specent_precond"
2025-12-19 04:29:19.602993,28,"stress_label",10,0.25,0,0.25,0.552325581395349,16,0.125,10,"top10","hr_sd_precond;hr_med_precond;eda_med_precond;eeg_fm_specent_precond;hrv_rmssd_precond;eeg_faa_precond;pupil_full_pupil_asymmetry_precond;eda_pkrate_precond;pupil_full_pupil_mean_precond;eda_peakarea_precond"
2025-12-19 04:30:14.707202,28,"stress_label",5,0.75,0.666666666666667,0.5,0.581395348837209,8,0.0078125,5,"top5","hr_sd_precond;hr_med_precond;eda_med_precond;eeg_fm_specent_precond;hrv_rmssd_precond"
2025-12-19 04:31:26.365575,29,"stress_label",20,0.5,NA,0.25,0.569767441860465,256,0.1,20,"top20","hr_sd_precond;hr_med_precond;eeg_fm_lbeta_power_precond;eda_med_precond;eeg_fm_specent_precond;hrv_rmssd_precond;eeg_faa_precond;pupil_full_pupil_mean_precond;eda_pkrate_precond;pupil_full_pupil_asymmetry_precond;eeg_tleft_lalpha_power_precond;eda_peakarea_precond;eeg_ta_ratio_precond;pupil_full_pupil_sd_precond;eeg_tright_halpha_power_precond;eeg_tb_ratio_precond;eeg_fl_specent_precond;eeg_fl_theta_power_precond;eeg_ab_ratio_precond;eeg_fl_hbeta_power_precond"
2025-12-19 04:32:26.804662,29,"stress_label",10,0.5,0.5,0.5,0.534883720930233,16,0.0078125,10,"top10","hr_sd_precond;hr_med_precond;eeg_fm_lbeta_power_precond;eda_med_precond;eeg_fm_specent_precond;hrv_rmssd_precond;eeg_faa_precond;pupil_full_pupil_mean_precond;eda_pkrate_precond;pupil_full_pupil_asymmetry_precond"
2025-12-19 04:33:20.108315,29,"stress_label",5,0.5,0.5,0.5,0.627906976744186,4,0.0078125,5,"top5","hr_sd_precond;hr_med_precond;eeg_fm_lbeta_power_precond;eda_med_precond;eeg_fm_specent_precond"
2025-12-19 04:34:33.537548,30,"stress_label",20,1,1,0,0.418604651162791,2,0.03125,20,"top20","hr_med_precond;hr_sd_precond;eda_med_precond;eeg_fm_specent_precond;hrv_rmssd_precond;eda_pkrate_precond;eeg_faa_precond;eda_peakarea_precond;pupil_full_pupil_asymmetry_precond;pupil_full_pupil_mean_precond;eeg_fl_theta_power_precond;eeg_tright_halpha_power_precond;eeg_tleft_lalpha_power_precond;eeg_tright_lbeta_power_precond;eda_sd_precond;pupil_full_pupil_sd_precond;eeg_tb_ratio_precond;eeg_ab_ratio_precond;eeg_fl_hbeta_power_precond;eeg_fl_specent_precond"
2025-12-19 04:35:33.030821,30,"stress_label",10,1,1,1,0.569767441860465,32,0.0078125,10,"top10","hr_med_precond;hr_sd_precond;eda_med_precond;eeg_fm_specent_precond;hrv_rmssd_precond;eda_pkrate_precond;eeg_faa_precond;eda_peakarea_precond;pupil_full_pupil_asymmetry_precond;pupil_full_pupil_mean_precond"
2025-12-19 04:36:28.292774,30,"stress_label",5,0.75,0.8,1,0.587209302325581,4,0.015625,5,"top5","hr_med_precond;hr_sd_precond;eda_med_precond;eeg_fm_specent_precond;hrv_rmssd_precond"
2025-12-19 04:37:40.525933,31,"stress_label",20,0,0,0,0.534883720930233,16,0.06,20,"top20","hr_sd_precond;hr_med_precond;eda_med_precond;hrv_rmssd_precond;eeg_fm_specent_precond;pupil_full_pupil_asymmetry_precond;eda_peakarea_precond;pupil_full_pupil_mean_precond;eeg_fl_theta_power_precond;eeg_faa_precond;eda_pkrate_precond;pupil_full_pupil_sd_precond;eeg_fl_specent_precond;eda_sd_precond;eeg_ta_ratio_precond;eeg_fl_hbeta_power_precond;eeg_tright_halpha_power_precond;eeg_tright_lalpha_power_precond;eeg_ab_ratio_precond;eeg_tright_lbeta_power_precond"
2025-12-19 04:38:39.727,31,"stress_label",10,0,0,0,0.598837209302326,64,0.0078125,10,"top10","hr_sd_precond;hr_med_precond;eda_med_precond;hrv_rmssd_precond;eeg_fm_specent_precond;pupil_full_pupil_asymmetry_precond;eda_peakarea_precond;pupil_full_pupil_mean_precond;eeg_fl_theta_power_precond;eeg_faa_precond"
2025-12-19 04:39:34.096798,31,"stress_label",5,0.5,0.5,0.5,0.587209302325581,16,0.0078125,5,"top5","hr_sd_precond;hr_med_precond;eda_med_precond;hrv_rmssd_precond;eeg_fm_specent_precond"
2025-12-19 04:40:47.459152,32,"stress_label",20,1,1,1,0.558139534883721,16,0.0078125,20,"top20","hr_sd_precond;hr_med_precond;eda_med_precond;hrv_rmssd_precond;eeg_fm_lbeta_power_precond;eeg_fm_specent_precond;pupil_full_pupil_mean_precond;pupil_full_pupil_asymmetry_precond;eda_pkrate_precond;eeg_faa_precond;eda_peakarea_precond;eeg_fl_theta_power_precond;pupil_full_pupil_sd_precond;eeg_tright_lalpha_power_precond;eeg_tright_halpha_power_precond;eeg_tright_lbeta_power_precond;eeg_fl_hbeta_power_precond;eeg_fl_specent_precond;eeg_tb_ratio_precond;eeg_ab_ratio_precond"
2025-12-19 04:41:47.796969,32,"stress_label",10,1,1,1,0.558139534883721,16,0.0078125,10,"top10","hr_sd_precond;hr_med_precond;eda_med_precond;hrv_rmssd_precond;eeg_fm_lbeta_power_precond;eeg_fm_specent_precond;pupil_full_pupil_mean_precond;pupil_full_pupil_asymmetry_precond;eda_pkrate_precond;eeg_faa_precond"
2025-12-19 04:42:42.101387,32,"stress_label",5,0.75,0.8,1,0.529069767441861,16,0.0078125,5,"top5","hr_sd_precond;hr_med_precond;eda_med_precond;hrv_rmssd_precond;eeg_fm_lbeta_power_precond"
2025-12-19 04:43:54.176738,33,"stress_label",20,0.25,0,0.5,0.581395348837209,8,0.015625,20,"top20","hr_sd_precond;hr_med_precond;eda_med_precond;eeg_fm_specent_precond;hrv_rmssd_precond;pupil_full_pupil_asymmetry_precond;eeg_faa_precond;eda_pkrate_precond;eda_peakarea_precond;eeg_tleft_lalpha_power_precond;pupil_full_pupil_mean_precond;eeg_fl_theta_power_precond;eeg_tright_lbeta_power_precond;eeg_ta_ratio_precond;eeg_tb_ratio_precond;pupil_full_pupil_sd_precond;eeg_ab_ratio_precond;eeg_tright_halpha_power_precond;eeg_fl_hbeta_power_precond;eeg_fl_specent_precond"
2025-12-19 04:44:53.178166,33,"stress_label",10,0.5,0.5,0.5,0.593023255813954,4,0.03125,10,"top10","hr_sd_precond;hr_med_precond;eda_med_precond;eeg_fm_specent_precond;hrv_rmssd_precond;pupil_full_pupil_asymmetry_precond;eeg_faa_precond;eda_pkrate_precond;eda_peakarea_precond;eeg_tleft_lalpha_power_precond"
2025-12-19 04:45:48.237583,33,"stress_label",5,0.5,0.5,0.5,0.593023255813954,2,0.015625,5,"top5","hr_sd_precond;hr_med_precond;eda_med_precond;eeg_fm_specent_precond;hrv_rmssd_precond"
2025-12-19 04:47:01.372455,34,"stress_label",20,1,1,0,0.523255813953488,64,0.1,20,"top20","hr_sd_precond;hr_med_precond;eda_med_precond;eeg_fm_specent_precond;hrv_rmssd_precond;pupil_full_pupil_asymmetry_precond;eeg_faa_precond;pupil_full_pupil_mean_precond;eda_pkrate_precond;pupil_full_pupil_sd_precond;eeg_tleft_lbeta_power_precond;eeg_fl_theta_power_precond;eda_peakarea_precond;eeg_ta_ratio_precond;eeg_tb_ratio_precond;eeg_tright_halpha_power_precond;eda_sd_precond;eeg_tright_lalpha_power_precond;eeg_fl_hbeta_power_precond;eeg_ab_ratio_precond"
2025-12-19 04:48:01.520275,34,"stress_label",10,0.75,0.8,1,0.563953488372093,8,0.0078125,10,"top10","hr_sd_precond;hr_med_precond;eda_med_precond;eeg_fm_specent_precond;hrv_rmssd_precond;pupil_full_pupil_asymmetry_precond;eeg_faa_precond;pupil_full_pupil_mean_precond;eda_pkrate_precond;pupil_full_pupil_sd_precond"
2025-12-19 04:48:56.978282,34,"stress_label",5,0.5,NA,0.5,0.529069767441861,8,0.0625,5,"top5","hr_sd_precond;hr_med_precond;eda_med_precond;eeg_fm_specent_precond;hrv_rmssd_precond"
2025-12-19 04:50:09.382872,35,"stress_label",20,0.5,0.5,0.75,0.523255813953488,16,0.03125,20,"top20","hr_sd_precond;hr_med_precond;eda_med_precond;eeg_fm_specent_precond;hrv_rmssd_precond;pupil_full_pupil_mean_precond;pupil_full_pupil_asymmetry_precond;eda_pkrate_precond;eeg_fl_theta_power_precond;eeg_faa_precond;eda_peakarea_precond;pupil_full_pupil_sd_precond;eeg_tright_lbeta_power_precond;eeg_ta_ratio_precond;eeg_tleft_lalpha_power_precond;eeg_tb_ratio_precond;eeg_fl_hbeta_power_precond;eeg_ab_ratio_precond;eeg_tright_halpha_power_precond;eeg_fl_specent_precond"
2025-12-19 04:51:09.443903,35,"stress_label",10,0.75,0.666666666666667,0.5,0.575581395348837,32,0.0078125,10,"top10","hr_sd_precond;hr_med_precond;eda_med_precond;eeg_fm_specent_precond;hrv_rmssd_precond;pupil_full_pupil_mean_precond;pupil_full_pupil_asymmetry_precond;eda_pkrate_precond;eeg_fl_theta_power_precond;eeg_faa_precond"
2025-12-19 04:52:04.082984,35,"stress_label",5,0.75,0.666666666666667,1,0.575581395348837,8,0.0078125,5,"top5","hr_sd_precond;hr_med_precond;eda_med_precond;eeg_fm_specent_precond;hrv_rmssd_precond"
2025-12-19 04:53:16.218531,36,"stress_label",20,0.5,0.5,0.5,0.523255813953488,64,0.06,20,"top20","hr_med_precond;hr_sd_precond;eda_med_precond;eeg_fm_specent_precond;hrv_rmssd_precond;pupil_full_pupil_mean_precond;eeg_faa_precond;eda_pkrate_precond;pupil_full_pupil_asymmetry_precond;eda_peakarea_precond;eeg_fl_theta_power_precond;pupil_full_pupil_sd_precond;eeg_tright_halpha_power_precond;eeg_fl_specent_precond;eeg_tleft_lalpha_power_precond;eeg_tright_lbeta_power_precond;eeg_ta_ratio_precond;eeg_ab_ratio_precond;eeg_fl_hbeta_power_precond;eda_sd_precond"
2025-12-19 04:54:15.492267,36,"stress_label",10,0.5,0.5,0.5,0.61046511627907,8,0.0625,10,"top10","hr_med_precond;hr_sd_precond;eda_med_precond;eeg_fm_specent_precond;hrv_rmssd_precond;pupil_full_pupil_mean_precond;eeg_faa_precond;eda_pkrate_precond;pupil_full_pupil_asymmetry_precond;eda_peakarea_precond"
2025-12-19 04:55:10.497549,36,"stress_label",5,1,1,1,0.575581395348837,8,0.0078125,5,"top5","hr_med_precond;hr_sd_precond;eda_med_precond;eeg_fm_specent_precond;hrv_rmssd_precond"
2025-12-19 04:56:23.279739,37,"stress_label",20,0.75,0.8,0.75,0.552325581395349,8,0.1,20,"top20","hr_sd_precond;eda_med_precond;hr_med_precond;hrv_rmssd_precond;pupil_full_pupil_asymmetry_precond;eeg_fm_specent_precond;eeg_tleft_lbeta_power_precond;eeg_faa_precond;eeg_fl_theta_power_precond;pupil_full_pupil_mean_precond;eda_pkrate_precond;eeg_tleft_lalpha_power_precond;eda_peakarea_precond;eeg_fl_specent_precond;eeg_tright_halpha_power_precond;eeg_ta_ratio_precond;eda_sd_precond;eeg_fl_hbeta_power_precond;eeg_ab_ratio_precond;pupil_full_pupil_sd_precond"
2025-12-19 04:57:23.331196,37,"stress_label",10,0,0,1,0.430232558139535,16,0.0625,10,"top10","hr_sd_precond;eda_med_precond;hr_med_precond;hrv_rmssd_precond;pupil_full_pupil_asymmetry_precond;eeg_fm_specent_precond;eeg_tleft_lbeta_power_precond;eeg_faa_precond;eeg_fl_theta_power_precond;pupil_full_pupil_mean_precond"
2025-12-19 04:58:18.599704,37,"stress_label",5,0.25,0.4,1,0.406976744186047,256,0.125,5,"top5","hr_sd_precond;eda_med_precond;hr_med_precond;hrv_rmssd_precond;pupil_full_pupil_asymmetry_precond"
2025-12-19 04:59:31.66137,38,"stress_label",20,0.75,0.666666666666667,0.5,0.511627906976744,16,0.06,20,"top20","hr_sd_precond;hr_med_precond;eda_med_precond;hrv_rmssd_precond;eeg_fm_specent_precond;pupil_full_pupil_mean_precond;pupil_full_pupil_asymmetry_precond;eda_pkrate_precond;eeg_faa_precond;eda_peakarea_precond;eeg_fl_theta_power_precond;pupil_full_pupil_sd_precond;eeg_tright_lbeta_power_precond;eda_sd_precond;eeg_tright_halpha_power_precond;eeg_ta_ratio_precond;eeg_tright_lalpha_power_precond;eeg_tb_ratio_precond;eeg_fl_specent_precond;eeg_fl_hbeta_power_precond"
2025-12-19 05:00:31.279517,38,"stress_label",10,0.75,0.666666666666667,0.75,0.552325581395349,64,0.015625,10,"top10","hr_sd_precond;hr_med_precond;eda_med_precond;hrv_rmssd_precond;eeg_fm_specent_precond;pupil_full_pupil_mean_precond;pupil_full_pupil_asymmetry_precond;eda_pkrate_precond;eeg_faa_precond;eda_peakarea_precond"
2025-12-19 05:01:25.04647,38,"stress_label",5,0.5,0.5,0.5,0.587209302325581,32,0.0078125,5,"top5","hr_sd_precond;hr_med_precond;eda_med_precond;hrv_rmssd_precond;eeg_fm_specent_precond"
2025-12-19 05:02:37.367913,39,"stress_label",20,0.25,0.4,0.25,0.540697674418605,64,0.125,20,"top20","hr_med_precond;hr_sd_precond;eda_med_precond;eeg_fm_specent_precond;hrv_rmssd_precond;pupil_full_pupil_mean_precond;pupil_full_pupil_asymmetry_precond;eda_pkrate_precond;eda_peakarea_precond;eeg_faa_precond;eeg_tright_lbeta_power_precond;eeg_ta_ratio_precond;eeg_tb_ratio_precond;eda_sd_precond;eeg_fl_theta_power_precond;pupil_full_pupil_sd_precond;eeg_tleft_lalpha_power_precond;eeg_fl_specent_precond;eeg_ab_ratio_precond;eeg_tright_halpha_power_precond"
2025-12-19 05:03:37.226719,39,"stress_label",10,0,0,0,0.593023255813954,32,0.03,10,"top10","hr_med_precond;hr_sd_precond;eda_med_precond;eeg_fm_specent_precond;hrv_rmssd_precond;pupil_full_pupil_mean_precond;pupil_full_pupil_asymmetry_precond;eda_pkrate_precond;eda_peakarea_precond;eeg_faa_precond"
2025-12-19 05:04:32.522117,39,"stress_label",5,0.5,0.5,0.5,0.581395348837209,2,0.0078125,5,"top5","hr_med_precond;hr_sd_precond;eda_med_precond;eeg_fm_specent_precond;hrv_rmssd_precond"
2025-12-19 05:05:45.257344,40,"stress_label",20,0.25,0,0,0.47093023255814,4,0.0078125,20,"top20","hr_sd_precond;eda_med_precond;hr_med_precond;eeg_fm_specent_precond;hrv_rmssd_precond;pupil_full_pupil_asymmetry_precond;eeg_faa_precond;eda_pkrate_precond;eeg_fl_theta_power_precond;pupil_full_pupil_sd_precond;eeg_tright_halpha_power_precond;eda_peakarea_precond;pupil_full_pupil_mean_precond;eeg_ab_ratio_precond;eeg_tb_ratio_precond;eeg_ta_ratio_precond;eeg_tright_lbeta_power_precond;eda_sd_precond;eeg_fl_hbeta_power_precond;eeg_fl_specent_precond"
2025-12-19 05:06:45.242343,40,"stress_label",10,0.25,0,0.25,0.575581395348837,32,0.0078125,10,"top10","hr_sd_precond;eda_med_precond;hr_med_precond;eeg_fm_specent_precond;hrv_rmssd_precond;pupil_full_pupil_asymmetry_precond;eeg_faa_precond;eda_pkrate_precond;eeg_fl_theta_power_precond;pupil_full_pupil_sd_precond"
2025-12-19 05:07:40.168367,40,"stress_label",5,0.75,0.8,0.5,0.587209302325581,8,0.0078125,5,"top5","hr_sd_precond;eda_med_precond;hr_med_precond;eeg_fm_specent_precond;hrv_rmssd_precond"
2025-12-19 05:08:52.873934,41,"stress_label",20,0.5,0.5,0.75,0.558139534883721,32,0.0078125,20,"top20","hr_med_precond;hr_sd_precond;eda_med_precond;hrv_rmssd_precond;eeg_fm_specent_precond;pupil_full_pupil_asymmetry_precond;eda_pkrate_precond;eeg_faa_precond;eeg_fl_theta_power_precond;eda_peakarea_precond;pupil_full_pupil_mean_precond;eeg_tright_lbeta_power_precond;pupil_full_pupil_sd_precond;eeg_fl_specent_precond;eeg_tright_lalpha_power_precond;eeg_fl_hbeta_power_precond;eeg_ab_ratio_precond;eeg_tright_halpha_power_precond;eeg_tb_ratio_precond;eeg_ta_ratio_precond"
2025-12-19 05:09:53.249673,41,"stress_label",10,0.5,0.5,0.75,0.598837209302326,8,0.0078125,10,"top10","hr_med_precond;hr_sd_precond;eda_med_precond;hrv_rmssd_precond;eeg_fm_specent_precond;pupil_full_pupil_asymmetry_precond;eda_pkrate_precond;eeg_faa_precond;eeg_fl_theta_power_precond;eda_peakarea_precond"
2025-12-19 05:10:48.892112,41,"stress_label",5,0.5,0.5,0.5,0.563953488372093,8,0.0078125,5,"top5","hr_med_precond;hr_sd_precond;eda_med_precond;hrv_rmssd_precond;eeg_fm_specent_precond"
2025-12-19 05:12:02.981026,42,"stress_label",20,0.5,0.5,0.5,0.552325581395349,128,0.0078125,20,"top20","hr_med_precond;hr_sd_precond;eda_med_precond;hrv_rmssd_precond;pupil_full_pupil_asymmetry_precond;eeg_faa_precond;eda_pkrate_precond;eeg_fl_theta_power_precond;pupil_full_pupil_mean_precond;eda_peakarea_precond;eeg_tright_lbeta_power_precond;pupil_full_pupil_sd_precond;eeg_tleft_lalpha_power_precond;eda_sd_precond;eeg_fl_hbeta_power_precond;eeg_tb_ratio_precond;eeg_tright_halpha_power_precond;eeg_ta_ratio_precond;eeg_fl_specent_precond;eeg_ab_ratio_precond"
2025-12-19 05:13:04.502672,42,"stress_label",10,0.5,0.5,0.5,0.563953488372093,16,0.03125,10,"top10","hr_med_precond;hr_sd_precond;eda_med_precond;hrv_rmssd_precond;pupil_full_pupil_asymmetry_precond;eeg_faa_precond;eda_pkrate_precond;eeg_fl_theta_power_precond;pupil_full_pupil_mean_precond;eda_peakarea_precond"
2025-12-19 05:13:59.504719,42,"stress_label",5,0.25,0.4,1,0.383720930232558,128,0.1,5,"top5","hr_med_precond;hr_sd_precond;eda_med_precond;hrv_rmssd_precond;pupil_full_pupil_asymmetry_precond"
2025-12-19 05:15:12.439777,43,"stress_label",20,0.5,0.5,0.5,0.453488372093023,2,0.0625,20,"top20","hr_sd_precond;eda_med_precond;hr_med_precond;eeg_fm_specent_precond;hrv_rmssd_precond;eeg_faa_precond;pupil_full_pupil_mean_precond;pupil_full_pupil_asymmetry_precond;eda_pkrate_precond;eeg_fl_theta_power_precond;eda_peakarea_precond;pupil_full_pupil_sd_precond;eeg_tright_lbeta_power_precond;eeg_fl_specent_precond;eeg_tright_halpha_power_precond;eeg_fl_hbeta_power_precond;eda_sd_precond;eeg_tb_ratio_precond;eeg_tright_lalpha_power_precond;eeg_ta_ratio_precond"
2025-12-19 05:16:14.161382,43,"stress_label",10,0.5,0.5,0.75,0.581395348837209,32,0.0078125,10,"top10","hr_sd_precond;eda_med_precond;hr_med_precond;eeg_fm_specent_precond;hrv_rmssd_precond;eeg_faa_precond;pupil_full_pupil_mean_precond;pupil_full_pupil_asymmetry_precond;eda_pkrate_precond;eeg_fl_theta_power_precond"
2025-12-19 05:17:09.185837,43,"stress_label",5,0.5,0.5,0.5,0.598837209302326,4,0.015625,5,"top5","hr_sd_precond;eda_med_precond;hr_med_precond;eeg_fm_specent_precond;hrv_rmssd_precond"
2025-12-19 05:18:21.440886,44,"stress_label",20,0.5,0.5,0.75,0.5,8,0.06,20,"top20","hr_med_precond;hr_sd_precond;eda_med_precond;eeg_fm_specent_precond;hrv_rmssd_precond;eeg_faa_precond;pupil_full_pupil_asymmetry_precond;eeg_tleft_lbeta_power_precond;pupil_full_pupil_mean_precond;eda_peakarea_precond;eeg_fl_theta_power_precond;pupil_full_pupil_sd_precond;eda_pkrate_precond;eeg_tright_halpha_power_precond;eeg_ta_ratio_precond;eeg_tb_ratio_precond;eeg_ab_ratio_precond;eeg_fl_specent_precond;eda_sd_precond;eeg_fl_hbeta_power_precond"
2025-12-19 05:19:22.961631,44,"stress_label",10,0.5,0.5,0.5,0.546511627906977,4,0.015625,10,"top10","hr_med_precond;hr_sd_precond;eda_med_precond;eeg_fm_specent_precond;hrv_rmssd_precond;eeg_faa_precond;pupil_full_pupil_asymmetry_precond;eeg_tleft_lbeta_power_precond;pupil_full_pupil_mean_precond;eda_peakarea_precond"
2025-12-19 05:20:19.096374,44,"stress_label",5,0.25,0,0.5,0.581395348837209,16,0.0078125,5,"top5","hr_med_precond;hr_sd_precond;eda_med_precond;eeg_fm_specent_precond;hrv_rmssd_precond"
2025-12-19 05:21:31.862176,45,"stress_label",20,0.5,0.5,0.5,0.61046511627907,64,0.0078125,20,"top20","hr_sd_precond;hr_med_precond;eda_med_precond;eeg_fm_lbeta_power_precond;eeg_fm_specent_precond;hrv_rmssd_precond;eeg_faa_precond;pupil_full_pupil_asymmetry_precond;eda_peakarea_precond;eeg_fl_theta_power_precond;eda_pkrate_precond;eeg_tleft_lalpha_power_precond;pupil_full_pupil_mean_precond;pupil_full_pupil_sd_precond;eeg_tright_halpha_power_precond;eda_sd_precond;eeg_tb_ratio_precond;eeg_fl_hbeta_power_precond;eeg_tright_lbeta_power_precond;eeg_ab_ratio_precond"
2025-12-19 05:22:31.776389,45,"stress_label",10,0.25,0.4,0.25,0.587209302325581,4,0.0078125,10,"top10","hr_sd_precond;hr_med_precond;eda_med_precond;eeg_fm_lbeta_power_precond;eeg_fm_specent_precond;hrv_rmssd_precond;eeg_faa_precond;pupil_full_pupil_asymmetry_precond;eda_peakarea_precond;eeg_fl_theta_power_precond"
2025-12-19 05:23:25.280797,45,"stress_label",5,0.25,0.4,0,0.616279069767442,8,0.0078125,5,"top5","hr_sd_precond;hr_med_precond;eda_med_precond;eeg_fm_lbeta_power_precond;eeg_fm_specent_precond"
2025-12-19 05:24:38.003637,47,"stress_label",20,0.25,0.4,0.25,0.488372093023256,32,0.0078125,20,"top20","hr_sd_precond;hr_med_precond;eda_med_precond;eeg_fm_specent_precond;hrv_rmssd_precond;eda_pkrate_precond;pupil_full_pupil_mean_precond;eda_peakarea_precond;pupil_full_pupil_asymmetry_precond;eeg_faa_precond;pupil_full_pupil_sd_precond;eeg_tright_halpha_power_precond;eeg_fl_theta_power_precond;eeg_tright_lalpha_power_precond;eeg_tb_ratio_precond;eeg_ta_ratio_precond;eeg_tright_lbeta_power_precond;eeg_ab_ratio_precond;eda_sd_precond;eeg_fl_hbeta_power_precond"
2025-12-19 05:25:37.754466,47,"stress_label",10,0.5,0.5,0.75,0.604651162790698,16,0.0625,10,"top10","hr_sd_precond;hr_med_precond;eda_med_precond;eeg_fm_specent_precond;hrv_rmssd_precond;eda_pkrate_precond;pupil_full_pupil_mean_precond;eda_peakarea_precond;pupil_full_pupil_asymmetry_precond;eeg_faa_precond"
2025-12-19 05:26:34.252018,47,"stress_label",5,0.5,0.5,0.5,0.587209302325581,16,0.0078125,5,"top5","hr_sd_precond;hr_med_precond;eda_med_precond;eeg_fm_specent_precond;hrv_rmssd_precond"
2025-12-19 05:27:41.866631,48,"stress_label",20,0.5,0.5,0.5,0.482558139534884,256,0.015625,20,"top20","hr_sd_precond;eda_med_precond;hr_med_precond;eda_pkrate_precond;eeg_fm_specent_precond;hrv_rmssd_precond;eda_peakarea_precond;pupil_full_pupil_asymmetry_precond;eeg_faa_precond;pupil_full_pupil_sd_precond;pupil_full_pupil_mean_precond;eeg_tright_halpha_power_precond;eeg_tright_lalpha_power_precond;eeg_fl_theta_power_precond;eeg_fl_hbeta_power_precond;eda_sd_precond;eeg_ab_ratio_precond;eeg_ta_ratio_precond;eeg_tright_lbeta_power_precond;eeg_fl_specent_precond"
2025-12-19 05:28:32.51838,48,"stress_label",10,0.75,0.666666666666667,1,0.581395348837209,32,0.015625,10,"top10","hr_sd_precond;eda_med_precond;hr_med_precond;eda_pkrate_precond;eeg_fm_specent_precond;hrv_rmssd_precond;eda_peakarea_precond;pupil_full_pupil_asymmetry_precond;eeg_faa_precond;pupil_full_pupil_sd_precond"
2025-12-19 05:29:19.470787,48,"stress_label",5,0.75,0.8,1,0.593023255813954,4,0.0078125,5,"top5","hr_sd_precond;eda_med_precond;hr_med_precond;eda_pkrate_precond;eeg_fm_specent_precond"
